sector,alojamiento_formal,gastronomia_bar,vivienda_turistica,avaluo_ph_m2,total_puntos,vt_2023,crecimiento_pct,pct_vivienda_turistica,pct_alojamiento_formal,pct_gastronomia_bar,intensidad_vt,pct_fuera_zit,cluster_id,nodo,perfil
0,1,1,7,5503741.97,9,0.0,700.0,77.8,11.1,11.1,2.0794415416798357,71.42857142857143,4,0-7,Núcleo turístico consolidado
ACACIAS USAQUEN,0,0,13,3900280.1625,13,11.0,16.7,100.0,0.0,0.0,2.6390573296152584,100.0,0,3-5,Foco turístico emergente
ALCAZARES,1,0,114,2453348.8403333332,115,108.0,5.5,99.1,0.9,0.0,4.74493212836325,0.0,0,0-4,Foco turístico emergente
ALFONSO LOPEZ,1,0,37,4450600.1899999995,38,29.0,26.7,97.4,2.6,0.0,3.6375861597263857,94.5945945945946,0,2-5,Foco turístico emergente
ANDES NORTE,0,0,4,5502180.346666667,4,2.0,66.7,100.0,0.0,0.0,1.6094379124341003,100.0,0,4-6,Foco turístico emergente
ANTIGUO COUNTRY,1,0,124,4971290.234197531,125,69.0,78.6,99.2,0.8,0.0,4.8283137373023015,78.2258064516129,0,1-6,Foco turístico emergente
ARMENIA,4,0,36,3398296.24,40,47.0,-22.9,90.0,10.0,0.0,3.6109179126442243,100.0,0,2-4,Foco turístico emergente
ATENAS,0,0,4,3424607.84,4,5.0,-16.7,100.0,0.0,0.0,1.6094379124341003,100.0,3,5-3,"Residencial ordinario, sin presión turística"
AUTOPISTA MEDELLIN,0,1,3,3398296.24,4,3.0,0.0,75.0,0.0,25.0,1.3862943611198906,100.0,5,2-1,"Residencial ordinario, sin presión turística"
AUTOPISTA SUR,0,0,3,3239166.03,3,0.0,300.0,100.0,0.0,0.0,1.3862943611198906,100.0,3,7-2,"Residencial ordinario, sin presión turística"
BANCO CENTRAL,1,0,22,5037340.77,23,9.0,130.0,95.7,4.3,0.0,3.1354942159291497,72.72727272727273,0,2-6,Foco turístico emergente
BAQUERO,1,0,6,3226729.875,7,5.0,16.7,85.7,14.3,0.0,1.9459101490553132,100.0,1,6-4,"Residencial ordinario, sin presión turística"
BARRANCAS,0,0,5,2904987.565,5,3.0,50.0,100.0,0.0,0.0,1.791759469228055,100.0,3,6-1,"Residencial ordinario, sin presión turística"
BATAN,0,1,29,4689800.248461539,30,22.0,30.4,96.7,0.0,3.3,3.4011973816621555,100.0,0,2-6,Foco turístico emergente
BAVARIA,0,1,3,2851384.62,4,2.0,33.3,75.0,0.0,25.0,1.3862943611198906,100.0,5,2-1,"Residencial ordinario, sin presión turística"
BELALCAZAR,3,0,25,5246996.039090909,28,11.0,116.7,89.3,10.7,0.0,3.258096538021482,88.0,0,3-7,Foco turístico emergente
BELEN,0,0,3,3398296.24,3,4.0,-20.0,100.0,0.0,0.0,1.3862943611198906,0.0,3,5-3,"Residencial ordinario, sin presión turística"
BELLA SUIZA,2,0,26,4530342.894347826,28,15.0,68.8,92.9,7.1,0.0,3.295836866004329,100.0,0,2-6,Foco turístico emergente
BELLAVISTA,3,0,11,3996064.9257142856,14,12.0,-7.7,78.6,21.4,0.0,2.4849066497880004,100.0,0,4-7,Foco turístico emergente
BELLAVISTA OCCIDENTAL,0,0,5,3404241.4566666665,5,0.0,500.0,100.0,0.0,0.0,1.791759469228055,100.0,3,8-3,"Residencial ordinario, sin presión turística"
BENJAMIN HERRERA,1,0,2,5462595.38,3,0.0,200.0,66.7,33.3,0.0,1.0986122886681098,100.0,0,5-8,Foco turístico emergente
BOCHICA,1,0,2,3100110.86,3,0.0,200.0,66.7,33.3,0.0,1.0986122886681098,100.0,1,8-5,"Residencial ordinario, sin presión turística"
BOCHICA II,0,2,1,3398296.24,3,2.0,-33.3,33.3,0.0,66.7,0.6931471805599453,100.0,2,1-0,"Gastronomía / vida local, sin presión turística"
BOLIVIA,0,1,6,1877162.32,7,7.0,-12.5,85.7,0.0,14.3,1.9459101490553132,100.0,5,4-0,"Residencial ordinario, sin presión turística"
BONANZA,0,2,5,3398296.24,7,4.0,20.0,71.4,0.0,28.6,1.791759469228055,100.0,5,2-1,"Residencial ordinario, sin presión turística"
BOSQUE CALDERON,5,0,19,4586814.03,24,28.0,-31.0,79.2,20.8,0.0,2.995732273553991,100.0,0,4-7,Foco turístico emergente
BOSQUE DE MODELIA,0,0,3,2724577.0700000003,3,2.0,33.3,100.0,0.0,0.0,1.3862943611198906,100.0,3,6-1,"Residencial ordinario, sin presión turística"
BOSQUE DE PINOS III,0,1,57,3175721.56,58,2.0,1833.3,98.3,0.0,1.7,4.060443010546419,100.0,4,0-8,Núcleo turístico consolidado
BOSQUE POPULAR,2,0,14,3493520.265,16,10.0,36.4,87.5,12.5,0.0,2.70805020110221,100.0,0,2-4,Foco turístico emergente
BOYACA,1,0,4,3267248.23,5,3.0,25.0,80.0,20.0,0.0,1.6094379124341003,100.0,1,6-5,"Residencial ordinario, sin presión turística"
BRISAS ALDEA FONTIBON,0,0,5,3398296.24,5,2.0,100.0,100.0,0.0,0.0,1.791759469228055,100.0,3,6-3,"Residencial ordinario, sin presión turística"
BRITALIA,0,2,21,2771401.1799999997,23,13.0,57.1,91.3,0.0,8.7,3.091042453358316,100.0,0,3-3,Foco turístico emergente
CAMPANELLA,0,0,3,3398296.24,3,1.0,100.0,100.0,0.0,0.0,1.3862943611198906,100.0,3,6-2,"Residencial ordinario, sin presión turística"
CAMPIN,0,0,7,3467959.93,7,5.0,33.3,100.0,0.0,0.0,2.0794415416798357,100.0,3,5-4,"Residencial ordinario, sin presión turística"
CAMPIN OCCIDENTAL,4,0,25,4301332.6308695655,29,6.0,271.4,86.2,13.8,0.0,3.258096538021482,100.0,0,1-7,Foco turístico emergente
CANTAGALLO,0,1,13,3355594.99,14,17.0,-22.2,92.9,0.0,7.1,2.6390573296152584,100.0,0,3-2,Foco turístico emergente
CAOBOS SALAZAR,0,1,20,3567520.05,21,20.0,0.0,95.2,0.0,4.8,3.044522437723423,100.0,0,3-4,Foco turístico emergente
CAPELLANIA,0,0,31,4030546.6025,31,15.0,100.0,100.0,0.0,0.0,3.4657359027997265,100.0,0,2-5,Foco turístico emergente
CASTILLA,0,0,4,3398296.24,4,2.0,66.7,100.0,0.0,0.0,1.6094379124341003,100.0,3,6-2,"Residencial ordinario, sin presión turística"
CATALUNA,1,0,5,4551025.64,6,3.0,50.0,83.3,16.7,0.0,1.791759469228055,100.0,0,5-6,Foco turístico emergente
CEDRITOS,0,1,23,3282718.65,24,28.0,-17.2,95.8,0.0,4.2,3.1780538303479458,100.0,0,3-4,Foco turístico emergente
CEDRO NARVAEZ,0,0,5,3665151.9159999997,5,3.0,50.0,100.0,0.0,0.0,1.791759469228055,100.0,3,5-4,"Residencial ordinario, sin presión turística"
CEDRO SALAZAR,0,0,12,3588012.9966666666,12,11.0,8.3,100.0,0.0,0.0,2.5649493574615367,100.0,0,4-4,Foco turístico emergente
CENTRO ADMINISTRATIVO,11,0,12,3421379.5200000005,23,7.0,62.5,52.2,47.8,0.0,2.5649493574615367,0.0,1,8-6,"Residencial ordinario, sin presión turística"
CENTRO FONTIBON,9,0,6,2696792.5399999996,15,12.0,-46.2,40.0,60.0,0.0,1.9459101490553132,100.0,1,8-7,"Residencial ordinario, sin presión turística"
CENTRO NARINO,1,0,5,3106170.2883333336,6,4.0,20.0,83.3,16.7,0.0,1.791759469228055,0.0,1,6-5,"Residencial ordinario, sin presión turística"
CHAPINERO CENTRAL,20,0,766,4180280.283869499,786,245.0,211.8,97.5,2.5,0.0,6.642486801367256,0.13054830287205776,0,0-6,Foco turístico emergente
CHAPINERO NORTE,5,0,95,4678891.9331249995,100,33.0,182.4,95.0,5.0,0.0,4.564348191467836,0.0,0,1-6,Foco turístico emergente
CHAPINERO OCCIDENTAL,6,0,69,3655087.3333333335,75,56.0,22.8,92.0,8.0,0.0,4.248495242049359,85.5072463768116,0,0-5,Foco turístico emergente
CHICO NORTE,27,7,311,6496217.265887446,345,158.0,96.2,90.1,7.8,2.0,5.7430031878094825,10.61093247588425,0,2-8,Foco turístico emergente
CHICO NORTE II SECTOR,22,3,164,6695496.8984259255,189,77.0,111.5,86.8,11.6,1.6,5.10594547390058,0.0,0,2-8,Foco turístico emergente
CHICO NORTE III SECTOR,6,2,258,5550060.548834952,266,155.0,66.0,97.0,2.3,0.8,5.556828061699537,89.14728682170544,0,2-8,Foco turístico emergente
CIUDAD HAYUELOS,0,2,31,4359574.225769231,33,16.0,88.2,93.9,0.0,6.1,3.4657359027997265,100.0,0,2-6,Foco turístico emergente
CIUDAD JARDIN NORTE,0,0,6,4189405.2,6,6.0,0.0,100.0,0.0,0.0,1.9459101490553132,100.0,0,4-5,Foco turístico emergente
CIUDAD KENNEDY CENTRAL,3,0,1,2493127.27,4,1.0,0.0,25.0,75.0,0.0,0.6931471805599453,100.0,1,8-8,"Residencial ordinario, sin presión turística"
CIUDAD KENNEDY NORTE,14,0,1,3398296.24,15,0.0,100.0,6.7,93.3,0.0,0.6931471805599453,100.0,1,7-8,"Residencial ordinario, sin presión turística"
CIUDAD SALITRE NOR-ORIENTAL,3,5,10,3823239.1672727275,18,7.0,37.5,55.6,16.7,27.8,2.3978952727983707,100.0,5,0-2,"Residencial ordinario, sin presión turística"
CIUDAD SALITRE SUR-ORIENTAL,1,0,10,3547368.0566666666,11,13.0,-21.4,90.9,9.1,0.0,2.3978952727983707,100.0,0,5-5,Foco turístico emergente
CIUDAD TECHO II,1,0,7,2552772.041428571,8,6.0,14.3,87.5,12.5,0.0,2.0794415416798357,100.0,1,5-0,"Residencial ordinario, sin presión turística"
CIUDADELA COLSUBSIDIO,0,0,4,2554464.93,4,3.0,25.0,100.0,0.0,0.0,1.6094379124341003,100.0,3,5-1,"Residencial ordinario, sin presión turística"
CLARET,1,0,2,3398296.24,3,0.0,200.0,66.7,33.3,0.0,1.0986122886681098,100.0,1,8-5,"Residencial ordinario, sin presión turística"
CLUB DE LOS LAGARTOS,0,1,4,3237181.8049999997,5,2.0,66.7,80.0,0.0,20.0,1.6094379124341003,100.0,5,2-2,"Residencial ordinario, sin presión turística"
COLOMBIA,7,0,6,3038905.042857143,13,3.0,75.0,46.2,53.8,0.0,1.9459101490553132,0.0,1,8-6,"Residencial ordinario, sin presión turística"
COMUNEROS,1,0,6,3517678.6859999998,7,0.0,600.0,85.7,14.3,0.0,1.9459101490553132,100.0,3,8-3,"Residencial ordinario, sin presión turística"
CONCEPCION NORTE,1,0,12,3398296.24,13,6.0,85.7,92.3,7.7,0.0,2.5649493574615367,0.0,0,4-4,Foco turístico emergente
COUNTRY CLUB,0,0,5,4482798.43,5,5.0,0.0,100.0,0.0,0.0,1.791759469228055,100.0,0,4-5,Foco turístico emergente
DOCE DE OCTUBRE,0,0,4,3062507.75,4,2.0,66.7,100.0,0.0,0.0,1.6094379124341003,100.0,3,5-2,"Residencial ordinario, sin presión turística"
EDUARDO SANTOS,0,0,7,2002528.7299999997,7,6.0,14.3,100.0,0.0,0.0,2.0794415416798357,100.0,3,6-0,"Residencial ordinario, sin presión turística"
EGIPTO,11,0,77,2354589.4822580647,88,70.0,9.9,87.5,12.5,0.0,4.356708826689592,0.0,0,0-4,Foco turístico emergente
EL CARMEN FONTIBON,4,0,3,4996562.2524999995,7,1.0,100.0,42.9,57.1,0.0,1.3862943611198906,100.0,1,6-8,"Residencial ordinario, sin presión turística"
EL CHANCO I,0,0,7,2426377.486666667,7,6.0,14.3,100.0,0.0,0.0,2.0794415416798357,100.0,3,5-0,"Residencial ordinario, sin presión turística"
EL CHICO,4,4,34,5184661.9775,42,38.0,-10.3,81.0,9.5,9.5,3.5553480614894135,100.0,0,3-7,Foco turístico emergente
EL CONTADOR,0,0,17,4733700.71125,17,9.0,80.0,100.0,0.0,0.0,2.8903717578961645,100.0,0,3-6,Foco turístico emergente
EL CORTIJO,0,0,5,2603907.936666667,5,6.0,-14.3,100.0,0.0,0.0,1.791759469228055,100.0,3,5-1,"Residencial ordinario, sin presión turística"
EL DORADO INDUSTRIAL,1,1,3,2597694.4133333336,5,3.0,0.0,60.0,20.0,20.0,1.3862943611198906,100.0,5,3-0,"Residencial ordinario, sin presión turística"
EL ENCANTO,1,0,12,3121188.2249999996,13,6.0,85.7,92.3,7.7,0.0,2.5649493574615367,100.0,0,3-3,Foco turístico emergente
EL ENSUENO,0,3,1,2803199.84,4,1.0,0.0,25.0,0.0,75.0,0.6931471805599453,100.0,2,1-0,"Gastronomía / vida local, sin presión turística"
EL GACO,1,0,6,2652027.03,7,1.0,250.0,85.7,14.3,0.0,1.9459101490553132,100.0,1,7-4,"Residencial ordinario, sin presión turística"
EL LAUREL,1,0,5,3398296.24,6,0.0,500.0,83.3,16.7,0.0,1.791759469228055,100.0,3,8-3,"Residencial ordinario, sin presión turística"
EL LISTON,1,0,5,2534132.58,6,9.0,-40.0,83.3,16.7,0.0,1.791759469228055,100.0,1,5-0,"Residencial ordinario, sin presión turística"
EL MINUTO DE DIOS,0,0,4,2605787.255,4,6.0,-28.6,100.0,0.0,0.0,1.6094379124341003,100.0,3,5-1,"Residencial ordinario, sin presión turística"
EL MUELLE,0,0,3,1896384.13,3,1.0,100.0,100.0,0.0,0.0,1.3862943611198906,100.0,3,7-0,"Residencial ordinario, sin presión turística"
EL NOGAL,2,0,11,4861887.524,13,7.0,50.0,84.6,15.4,0.0,2.4849066497880004,27.27272727272727,0,4-7,Foco turístico emergente
EL PINO,2,0,3,1948899.11,5,0.0,300.0,60.0,40.0,0.0,1.3862943611198906,100.0,1,8-5,"Residencial ordinario, sin presión turística"
EL PLAN,0,0,10,2841561.28,10,11.0,-8.3,100.0,0.0,0.0,2.3978952727983707,100.0,3,4-3,"Residencial ordinario, sin presión turística"
EL REAL,0,1,3,2655461.91,4,3.0,0.0,75.0,0.0,25.0,1.3862943611198906,100.0,5,2-1,"Residencial ordinario, sin presión turística"
EL RECUERDO,44,0,100,5426646.590860216,144,15.0,531.2,69.4,30.6,0.0,4.61512051684126,0.0,4,1-8,Núcleo turístico consolidado
EL REFUGIO,0,0,9,3336896.0579999997,9,3.0,150.0,100.0,0.0,0.0,2.302585092994046,100.0,3,6-3,"Residencial ordinario, sin presión turística"
EL RETIRO,5,1,82,5940138.747468354,88,7.0,937.5,93.2,5.7,1.1,4.418840607796598,10.97560975609756,4,0-7,Núcleo turístico consolidado
EL ROSARIO,1,0,40,3340863.412307692,41,14.0,173.3,97.6,2.4,0.0,3.713572066704308,100.0,0,1-4,Foco turístico emergente
EL SALITRE,5,0,10,3811255.4299999997,15,6.0,57.1,66.7,33.3,0.0,2.3978952727983707,100.0,0,6-6,Foco turístico emergente
EL TINTAL CENTRAL,0,0,21,2651964.104,21,14.0,46.7,100.0,0.0,0.0,3.091042453358316,100.0,0,3-3,Foco turístico emergente
EL TOBERIN,0,0,4,3512265.02,4,0.0,400.0,100.0,0.0,0.0,1.6094379124341003,100.0,3,8-2,"Residencial ordinario, sin presión turística"
EL VERGEL,2,0,3,3186858.7525,5,0.0,300.0,60.0,40.0,0.0,1.3862943611198906,100.0,1,8-5,"Residencial ordinario, sin presión turística"
EL VERGEL ORIENTAL,0,0,6,2985188.83,6,3.0,75.0,100.0,0.0,0.0,1.9459101490553132,100.0,3,4-2,"Residencial ordinario, sin presión turística"
EMAUS,6,0,5,4512169.368571429,11,3.0,50.0,45.5,54.5,0.0,1.791759469228055,0.0,1,6-8,"Residencial ordinario, sin presión turística"
ESPARTILLAL,5,1,61,5493362.05,67,6.0,785.7,91.0,7.5,1.5,4.127134385045092,54.0983606557377,4,0-7,Núcleo turístico consolidado
ESTORIL,2,2,14,5886123.703636364,18,17.0,-16.7,77.8,11.1,11.1,2.70805020110221,100.0,0,3-7,Foco turístico emergente
ESTRELLA,1,1,1,3398296.24,3,1.0,0.0,33.3,33.3,33.3,0.6931471805599453,100.0,5,2-0,"Residencial ordinario, sin presión turística"
ESTRELLA DEL NORTE,1,0,6,3594886.355,7,6.0,0.0,85.7,14.3,0.0,1.9459101490553132,100.0,1,5-5,"Residencial ordinario, sin presión turística"
FERROCAJA FONTIBON,0,0,11,5087202.494,11,10.0,9.1,100.0,0.0,0.0,2.4849066497880004,100.0,0,3-6,Foco turístico emergente
FLORENCIA,0,0,4,2762213.58,4,1.0,150.0,100.0,0.0,0.0,1.6094379124341003,100.0,3,7-1,"Residencial ordinario, sin presión turística"
FLORIDA,0,0,4,2979192.6,4,3.0,25.0,100.0,0.0,0.0,1.6094379124341003,100.0,3,5-2,"Residencial ordinario, sin presión turística"
FLORIDA BLANCA,1,1,6,3084211.6166666667,8,4.0,40.0,75.0,12.5,12.5,1.9459101490553132,100.0,5,2-3,"Residencial ordinario, sin presión turística"
GALAN,0,2,1,1907367.07,3,2.0,-33.3,33.3,0.0,66.7,0.6931471805599453,100.0,2,1-0,"Gastronomía / vida local, sin presión turística"
GALERIAS,5,1,8,4133187.235,14,5.0,50.0,57.1,35.7,7.1,2.1972245773362196,25.0,0,6-7,Foco turístico emergente
GARCES NAVAS SUR,0,0,3,3398296.24,3,0.0,300.0,100.0,0.0,0.0,1.3862943611198906,100.0,3,7-2,"Residencial ordinario, sin presión turística"
GILMAR,0,0,8,2515958.3,8,8.0,0.0,100.0,0.0,0.0,2.1972245773362196,100.0,3,5-0,"Residencial ordinario, sin presión turística"
GRAN AMERICA,7,0,66,3949528.4957142854,73,11.0,458.3,90.4,9.6,0.0,4.204692619390966,100.0,4,1-7,Núcleo turístico consolidado
GRANADA,4,0,53,3825560.550232558,57,44.0,20.0,93.0,7.0,0.0,3.9889840465642745,67.9245283018868,0,1-5,Foco turístico emergente
GRANADA NORTE,1,0,2,6678435.0,3,1.0,50.0,66.7,33.3,0.0,1.0986122886681098,100.0,0,5-8,Foco turístico emergente
GUADALUPE,0,3,0,3398296.24,3,0.0,0.0,0.0,0.0,100.0,0.0,,2,0-0,"Gastronomía / vida local, sin presión turística"
GUADUAL FONTIBON,2,0,2,1734394.9766666666,4,4.0,-40.0,50.0,50.0,0.0,1.0986122886681098,100.0,1,8-7,"Residencial ordinario, sin presión turística"
HIPOTECHO,0,0,4,3398296.24,4,1.0,150.0,100.0,0.0,0.0,1.6094379124341003,100.0,3,6-2,"Residencial ordinario, sin presión turística"
HIPOTECHO OCCIDENTAL,0,3,6,2821333.0324999997,9,1.0,250.0,66.7,0.0,33.3,1.9459101490553132,16.666666666666664,5,1-1,"Residencial ordinario, sin presión turística"
HIPOTECHO SUR,0,0,3,2651890.96,3,2.0,33.3,100.0,0.0,0.0,1.3862943611198906,100.0,3,6-1,"Residencial ordinario, sin presión turística"
IBERIA,0,0,3,3349666.0300000003,3,5.0,-33.3,100.0,0.0,0.0,1.3862943611198906,100.0,3,5-3,"Residencial ordinario, sin presión turística"
INGEMAR,0,0,8,4102825.2999999993,8,5.0,50.0,100.0,0.0,0.0,2.1972245773362196,100.0,0,4-5,Foco turístico emergente
INGLES,0,0,16,3398296.24,16,15.0,6.2,100.0,0.0,0.0,2.833213344056216,100.0,0,3-4,Foco turístico emergente
INTERINDUSTRIAL,0,0,4,3398296.24,4,4.0,0.0,100.0,0.0,0.0,1.6094379124341003,100.0,3,5-3,"Residencial ordinario, sin presión turística"
JARDIN BOTANICO,0,0,4,1997294.6900000002,4,3.0,25.0,100.0,0.0,0.0,1.6094379124341003,100.0,3,6-0,"Residencial ordinario, sin presión turística"
JIMENEZ DE QUESADA,3,0,0,3398296.24,3,0.0,0.0,0.0,100.0,0.0,0.0,,1,7-8,"Residencial ordinario, sin presión turística"
JORGE ELIECER GAITAN,0,0,7,3173732.335,7,1.0,300.0,100.0,0.0,0.0,2.0794415416798357,100.0,3,7-3,"Residencial ordinario, sin presión turística"
JORGE GAITAN CORTES,0,1,2,3312922.24,3,1.0,50.0,66.7,0.0,33.3,1.0986122886681098,100.0,5,1-1,"Residencial ordinario, sin presión turística"
JOSE JOAQUIN VARGAS,0,0,16,3808620.1336363633,16,8.0,88.9,100.0,0.0,0.0,2.833213344056216,100.0,0,3-5,Foco turístico emergente
JUAN XXIII,1,0,16,2698962.45,17,14.0,13.3,94.1,5.9,0.0,2.833213344056216,0.0,0,3-3,Foco turístico emergente
JULIO FLOREZ,0,0,22,3072559.27,22,5.0,283.3,100.0,0.0,0.0,3.1354942159291497,100.0,3,7-3,"Residencial ordinario, sin presión turística"
KASANDRA,4,0,2,3398296.24,6,0.0,200.0,33.3,66.7,0.0,1.0986122886681098,100.0,1,7-7,"Residencial ordinario, sin presión turística"
LA ALAMEDA,24,0,12,2416745.6083333334,36,10.0,18.2,33.3,66.7,0.0,2.5649493574615367,100.0,1,8-7,"Residencial ordinario, sin presión turística"
LA AURORA,0,0,5,3398296.24,5,3.0,50.0,100.0,0.0,0.0,1.791759469228055,0.0,3,5-4,"Residencial ordinario, sin presión turística"
LA CABANA,0,0,4,3012381.935,4,1.0,150.0,100.0,0.0,0.0,1.6094379124341003,100.0,3,7-1,"Residencial ordinario, sin presión turística"
LA CABANA FONTIBON,5,1,3,2897519.1833333336,9,1.0,100.0,33.3,55.6,11.1,1.3862943611198906,100.0,1,7-7,"Residencial ordinario, sin presión turística"
LA CABRERA,6,2,117,5875456.8149999995,125,9.0,1080.0,93.6,4.8,1.6,4.770684624465665,91.45299145299145,4,0-7,Núcleo turístico consolidado
LA CALLEJA,2,0,33,6335151.120869565,35,79.0,-57.5,94.3,5.7,0.0,3.5263605246161616,100.0,0,3-8,Foco turístico emergente
LA CAPUCHINA,13,0,2,3576200.63,15,0.0,200.0,13.3,86.7,0.0,1.0986122886681098,100.0,1,7-8,"Residencial ordinario, sin presión turística"
LA CAROLINA,0,0,25,3475445.273181818,25,22.0,13.0,100.0,0.0,0.0,3.258096538021482,19.999999999999996,0,3-4,Foco turístico emergente
LA CASTELLANA,6,2,88,5442918.640000001,96,23.0,270.8,91.7,6.2,2.1,4.48863636973214,100.0,0,1-7,Foco turístico emergente
LA CATEDRAL,13,2,33,3220180.557407407,48,16.0,100.0,68.8,27.1,4.2,3.5263605246161616,0.0,0,2-4,Foco turístico emergente
LA CONCORDIA,7,1,18,4190094.5719999997,26,15.0,18.8,69.2,26.9,3.8,2.9444389791664403,0.0,0,4-7,Foco turístico emergente
LA ESMERALDA,0,0,6,3398296.24,6,5.0,16.7,100.0,0.0,0.0,1.9459101490553132,100.0,3,5-4,"Residencial ordinario, sin presión turística"
LA ESPERANZA,3,0,10,2774274.566666667,13,3.0,175.0,76.9,23.1,0.0,2.3978952727983707,100.0,1,7-4,"Residencial ordinario, sin presión turística"
LA ESPERANZA NORTE,2,1,17,4022492.7546153846,20,11.0,50.0,85.0,10.0,5.0,2.8903717578961645,76.47058823529412,0,3-5,Foco turístico emergente
LA ESPERANZA SUR,0,0,5,3439389.31,5,11.0,-50.0,100.0,0.0,0.0,1.791759469228055,100.0,3,5-3,"Residencial ordinario, sin presión turística"
LA ESTRADA,1,2,3,2972089.8,6,5.0,-33.3,50.0,16.7,33.3,1.3862943611198906,100.0,5,2-0,"Residencial ordinario, sin presión turística"
LA ESTRADITA,0,1,2,3398296.24,3,0.0,200.0,66.7,0.0,33.3,1.0986122886681098,100.0,5,1-1,"Residencial ordinario, sin presión turística"
LA FAVORITA,12,0,2,1995873.8585714286,14,2.0,0.0,14.3,85.7,0.0,1.0986122886681098,100.0,1,8-8,"Residencial ordinario, sin presión turística"
LA GIRALDA,1,0,2,3398296.24,3,1.0,50.0,66.7,33.3,0.0,1.0986122886681098,100.0,1,7-6,"Residencial ordinario, sin presión turística"
LA GRANJA,1,0,4,3398296.24,5,6.0,-28.6,80.0,20.0,0.0,1.6094379124341003,100.0,1,6-5,"Residencial ordinario, sin presión turística"
LA GRANJA NORTE,0,0,18,2984860.56,18,5.0,216.7,100.0,0.0,0.0,2.9444389791664403,100.0,3,7-3,"Residencial ordinario, sin presión turística"
LA MACARENA,0,0,16,3662562.696363636,16,15.0,6.2,100.0,0.0,0.0,2.833213344056216,62.5,0,3-4,Foco turístico emergente
LA MAGDALENA,3,0,13,4424218.606666666,16,19.0,-30.0,81.2,18.8,0.0,2.6390573296152584,0.0,0,4-7,Foco turístico emergente
LA MAGDALENA I,0,0,3,2327395.45,3,3.0,0.0,100.0,0.0,0.0,1.3862943611198906,100.0,3,5-1,"Residencial ordinario, sin presión turística"
LA PATRIA,0,0,5,3398296.24,5,4.0,20.0,100.0,0.0,0.0,1.791759469228055,100.0,3,5-4,"Residencial ordinario, sin presión turística"
LA PERSEVERANCIA,0,0,17,1738799.56,17,6.0,157.1,100.0,0.0,0.0,2.8903717578961645,100.0,0,8-0,Foco turístico emergente
LA PRADERA,0,0,4,3398296.24,4,0.0,400.0,100.0,0.0,0.0,1.6094379124341003,100.0,3,8-2,"Residencial ordinario, sin presión turística"
LA PRADERA NORTE,2,0,8,3175371.8266666667,10,5.0,50.0,80.0,20.0,0.0,2.1972245773362196,100.0,1,6-4,"Residencial ordinario, sin presión turística"
LA SALLE,1,0,29,4642548.859166667,30,20.0,42.9,96.7,3.3,0.0,3.4011973816621555,79.3103448275862,0,2-6,Foco turístico emergente
LA SOLEDAD,7,0,27,3948434.728125,34,21.0,27.3,79.4,20.6,0.0,3.332204510175204,33.333333333333336,0,2-4,Foco turístico emergente
LA SOLEDAD NORTE,0,0,4,2889706.4933333336,4,1.0,150.0,100.0,0.0,0.0,1.6094379124341003,100.0,3,7-1,"Residencial ordinario, sin presión turística"
LA TRINIDAD,1,0,3,2377216.12,4,0.0,300.0,75.0,25.0,0.0,1.3862943611198906,100.0,1,8-4,"Residencial ordinario, sin presión turística"
LAGO GAITAN,5,4,31,6001482.327894737,40,28.0,10.3,77.5,12.5,10.0,3.4657359027997265,22.580645161290324,0,3-8,Foco turístico emergente
LAS ACACIAS,0,0,5,5213285.115,5,6.0,-14.3,100.0,0.0,0.0,1.791759469228055,80.0,0,4-6,Foco turístico emergente
LAS AGUAS,6,0,26,3198601.14125,32,23.0,12.5,81.2,18.8,0.0,3.295836866004329,11.538461538461542,0,2-4,Foco turístico emergente
LAS AMERICAS,1,0,6,3528534.2175000003,7,4.0,40.0,85.7,14.3,0.0,1.9459101490553132,100.0,1,5-5,"Residencial ordinario, sin presión turística"
LAS BRISAS,0,0,4,3398296.24,4,4.0,0.0,100.0,0.0,0.0,1.6094379124341003,100.0,3,5-3,"Residencial ordinario, sin presión turística"
LAS CRUCES,2,0,7,2654569.0066666664,9,5.0,33.3,77.8,22.2,0.0,2.0794415416798357,100.0,1,6-5,"Residencial ordinario, sin presión turística"
LAS DELICIAS,0,0,3,1613885.0,3,1.0,100.0,100.0,0.0,0.0,1.3862943611198906,100.0,3,7-0,"Residencial ordinario, sin presión turística"
LAS FERIAS,0,0,15,3398296.24,15,9.0,60.0,100.0,0.0,0.0,2.772588722239781,100.0,0,4-4,Foco turístico emergente
LAS FERIAS OCCIDENTAL,2,0,3,3348497.13,5,0.0,300.0,60.0,40.0,0.0,1.3862943611198906,100.0,1,8-5,"Residencial ordinario, sin presión turística"
LAS FLORES,3,0,1,2904025.02,4,2.0,-33.3,25.0,75.0,0.0,0.6931471805599453,100.0,1,8-8,"Residencial ordinario, sin presión turística"
LAS MARGARITAS,0,0,9,3518024.4233333333,9,2.0,233.3,100.0,0.0,0.0,2.302585092994046,100.0,3,7-3,"Residencial ordinario, sin presión turística"
LAS NIEVES,15,4,172,4252171.056351352,191,62.0,174.6,90.1,7.9,2.1,5.153291594497779,61.04651162790697,0,0-6,Foco turístico emergente
LAS ORQUIDEAS,0,0,4,3398296.24,4,0.0,400.0,100.0,0.0,0.0,1.6094379124341003,100.0,3,8-2,"Residencial ordinario, sin presión turística"
LAS VILLAS,0,0,4,4842197.45,4,2.0,66.7,100.0,0.0,0.0,1.6094379124341003,100.0,0,4-6,Foco turístico emergente
LISBOA,1,1,55,6128449.5703703705,57,34.0,60.0,96.5,1.8,1.8,4.02535169073515,100.0,0,3-8,Foco turístico emergente
LLANO GRANDE,2,0,1,2157383.51,3,0.0,100.0,33.3,66.7,0.0,0.6931471805599453,100.0,1,8-8,"Residencial ordinario, sin presión turística"
LOS ALAMOS,1,0,6,2361647.846666666,7,9.0,-30.0,85.7,14.3,0.0,1.9459101490553132,100.0,1,5-0,"Residencial ordinario, sin presión turística"
LOS ANDES,0,0,28,3997414.4405,28,26.0,7.4,100.0,0.0,0.0,3.367295829986474,100.0,0,2-5,Foco turístico emergente
LOS ANGELES,0,0,16,2501874.447777778,16,9.0,70.0,100.0,0.0,0.0,2.833213344056216,100.0,0,3-3,Foco turístico emergente
LOS CEDROS,0,1,80,4192967.5519999997,81,42.0,88.4,98.8,0.0,1.2,4.394449154672439,100.0,0,1-5,Foco turístico emergente
LOS ROSALES,1,0,11,4956826.3133333335,12,15.0,-25.0,91.7,8.3,0.0,2.4849066497880004,100.0,0,3-6,Foco turístico emergente
LOURDES,0,0,4,3398296.24,4,1.0,150.0,100.0,0.0,0.0,1.6094379124341003,100.0,3,6-2,"Residencial ordinario, sin presión turística"
MARANDU,0,0,5,1772703.28,5,3.0,50.0,100.0,0.0,0.0,1.791759469228055,100.0,3,6-0,"Residencial ordinario, sin presión turística"
MARIA CRISTINA,1,1,42,5409693.980666666,44,28.0,48.3,95.5,2.3,2.3,3.7612001156935624,100.0,0,2-7,Foco turístico emergente
MARLY,14,0,36,5220058.95,50,13.0,164.3,72.0,28.0,0.0,3.6109179126442243,11.111111111111116,0,4-8,Foco turístico emergente
MARSELLA,2,1,4,3398296.24,7,5.0,-16.7,57.1,28.6,14.3,1.6094379124341003,100.0,5,6-6,"Residencial ordinario, sin presión turística"
MAZUREN,0,2,8,2674353.2614285713,10,9.0,-10.0,80.0,0.0,20.0,2.1972245773362196,100.0,5,3-1,"Residencial ordinario, sin presión turística"
MIRANDELA,0,4,0,3398296.24,4,3.0,-75.0,0.0,0.0,100.0,0.0,,2,0-0,"Gastronomía / vida local, sin presión turística"
MODELIA,4,0,22,6103227.8725,26,9.0,130.0,84.6,15.4,0.0,3.1354942159291497,100.0,0,3-8,Foco turístico emergente
MODELIA OCCIDENTAL,7,1,20,3193486.0500000003,28,9.0,110.0,71.4,25.0,3.6,3.044522437723423,100.0,0,2-4,Foco turístico emergente
MOLINOS NORTE,3,2,165,4807666.530134228,170,76.0,115.6,97.1,1.8,1.2,5.111987788356544,99.39393939393939,0,1-6,Foco turístico emergente
MONACO,0,0,26,4530983.574705882,26,18.0,42.1,100.0,0.0,0.0,3.295836866004329,100.0,0,2-6,Foco turístico emergente
MONTEVIDEO,0,0,3,5576318.11,3,0.0,300.0,100.0,0.0,0.0,1.3862943611198906,100.0,0,4-6,Foco turístico emergente
MUEQUETA,1,0,2,3103230.045,3,4.0,-40.0,66.7,33.3,0.0,1.0986122886681098,100.0,1,7-6,"Residencial ordinario, sin presión turística"
NICOLAS DE FEDERMAN,2,0,9,3950795.408333333,11,9.0,0.0,81.8,18.2,0.0,2.302585092994046,100.0,0,5-6,Foco turístico emergente
NIZA NORTE,0,0,9,4487979.0475,9,4.0,100.0,100.0,0.0,0.0,2.302585092994046,100.0,0,4-5,Foco turístico emergente
NIZA SUBA,0,0,3,4652558.093333334,3,2.0,33.3,100.0,0.0,0.0,1.3862943611198906,100.0,0,4-6,Foco turístico emergente
NIZA SUR,0,0,16,4814592.822222222,16,6.0,142.9,100.0,0.0,0.0,2.833213344056216,100.0,0,3-6,Foco turístico emergente
NORMANDIA,14,4,48,4666212.0867346935,66,18.0,157.9,72.7,21.2,6.1,3.8918202981106265,100.0,0,2-7,Foco turístico emergente
NORMANDIA OCCIDENTAL,14,0,37,3582564.9518181817,51,16.0,123.5,72.5,27.5,0.0,3.6375861597263857,100.0,0,2-4,Foco turístico emergente
NUEVA ZELANDIA,0,0,12,4142207.9500000007,12,7.0,62.5,100.0,0.0,0.0,2.5649493574615367,100.0,0,3-5,Foco turístico emergente
NUEVO TECHO,0,0,3,2533956.48,3,2.0,33.3,100.0,0.0,0.0,1.3862943611198906,100.0,3,5-1,"Residencial ordinario, sin presión turística"
ONCE DE NOVIEMBRE,1,0,3,3398296.24,4,0.0,300.0,75.0,25.0,0.0,1.3862943611198906,0.0,1,8-4,"Residencial ordinario, sin presión turística"
ORTEZAL,38,0,47,4951080.712051283,85,27.0,71.4,55.3,44.7,0.0,3.871201010907891,55.319148936170215,0,4-8,Foco turístico emergente
PALERMO,3,0,13,4593401.850000001,16,12.0,7.7,81.2,18.8,0.0,2.6390573296152584,84.61538461538461,0,4-7,Foco turístico emergente
PARDO RUBIO,2,0,45,4661968.911538461,47,28.0,58.6,95.7,4.3,0.0,3.828641396489095,100.0,0,2-6,Foco turístico emergente
PARIS GAITAN,1,1,3,2203902.15,5,2.0,33.3,60.0,20.0,20.0,1.3862943611198906,100.0,5,3-0,"Residencial ordinario, sin presión turística"
PASADENA,0,0,11,5009645.09,11,16.0,-29.4,100.0,0.0,0.0,2.4849066497880004,100.0,0,3-6,Foco turístico emergente
PAULO VI,0,1,4,3843624.77,5,7.0,-37.5,80.0,0.0,20.0,1.6094379124341003,100.0,5,2-2,"Residencial ordinario, sin presión turística"
PINOS DE LOMBARDIA,0,2,2,3398296.24,4,5.0,-50.0,50.0,0.0,50.0,1.0986122886681098,100.0,2,0-1,"Gastronomía / vida local, sin presión turística"
POLO CLUB,2,3,74,4459846.07,79,14.0,400.0,93.7,2.5,3.8,4.31748811353631,100.0,4,1-7,Núcleo turístico consolidado
POPULAR MODELO,0,0,9,4053629.16,9,4.0,100.0,100.0,0.0,0.0,2.302585092994046,100.0,0,4-5,Foco turístico emergente
PORCIUNCULA,4,4,13,4806863.805,21,10.0,27.3,61.9,19.0,19.0,2.6390573296152584,100.0,5,0-2,"Residencial ordinario, sin presión turística"
PORTALES DEL NORTE,0,1,11,3080966.544444444,12,9.0,20.0,91.7,0.0,8.3,2.4849066497880004,100.0,0,3-2,Foco turístico emergente
POTOSI,0,2,9,4556666.684,11,8.0,11.1,81.8,0.0,18.2,2.302585092994046,100.0,5,1-2,"Residencial ordinario, sin presión turística"
PRADO VERANIEGO,2,0,2,2545910.1100000003,4,3.0,-25.0,50.0,50.0,0.0,1.0986122886681098,100.0,1,8-7,"Residencial ordinario, sin presión turística"
PRADO VERANIEGO NORTE,0,0,6,3357920.8800000004,6,5.0,16.7,100.0,0.0,0.0,1.9459101490553132,100.0,3,5-4,"Residencial ordinario, sin presión turística"
PRADO VERANIEGO SUR,0,1,10,3228363.8699999996,11,15.0,-31.2,90.9,0.0,9.1,2.3978952727983707,100.0,0,3-2,Foco turístico emergente
PRIMAVERA OCCIDENTAL,0,0,4,2884340.6366666667,4,1.0,150.0,100.0,0.0,0.0,1.6094379124341003,100.0,3,7-1,"Residencial ordinario, sin presión turística"
PROVIVIENDA,0,0,5,2821387.13,5,1.0,200.0,100.0,0.0,0.0,1.791759469228055,100.0,3,8-1,"Residencial ordinario, sin presión turística"
PUENTE ARANDA,1,0,4,4056865.5524999998,5,2.0,66.7,80.0,20.0,0.0,1.6094379124341003,100.0,0,5-6,Foco turístico emergente
PUENTE LARGO,0,1,21,4654147.425,22,15.0,37.5,95.5,0.0,4.5,3.091042453358316,100.0,0,2-6,Foco turístico emergente
PUERTA DE TEJA,2,0,3,3398296.24,5,1.0,100.0,60.0,40.0,0.0,1.3862943611198906,100.0,1,7-6,"Residencial ordinario, sin presión turística"
QUESADA,4,0,55,2942930.591666667,59,21.0,154.5,93.2,6.8,0.0,4.02535169073515,92.72727272727272,0,1-4,Foco turístico emergente
QUINTA CAMACHO,7,1,84,3581581.52375,92,56.0,49.1,91.3,7.6,1.1,4.442651256490317,0.0,0,0-5,Foco turístico emergente
QUINTA MUTIS,0,1,4,3780603.045,5,3.0,25.0,80.0,0.0,20.0,1.6094379124341003,100.0,5,2-2,"Residencial ordinario, sin presión turística"
QUINTA PAREDES,49,0,82,4687024.9781818185,131,12.0,538.5,62.6,37.4,0.0,4.418840607796598,0.0,4,1-8,Núcleo turístico consolidado
RESTREPO,2,1,2,4497112.295,5,1.0,50.0,40.0,40.0,20.0,1.0986122886681098,100.0,1,6-7,"Residencial ordinario, sin presión turística"
RESTREPO OCCIDENTAL,0,1,4,2741471.685,5,0.0,400.0,80.0,0.0,20.0,1.6094379124341003,100.0,5,8-2,"Residencial ordinario, sin presión turística"
RICAURTE,3,0,8,2908698.643333333,11,2.0,200.0,72.7,27.3,0.0,2.1972245773362196,100.0,1,7-4,"Residencial ordinario, sin presión turística"
RINCON ALTAMAR,0,0,3,3398296.24,3,1.0,100.0,100.0,0.0,0.0,1.3862943611198906,100.0,3,6-2,"Residencial ordinario, sin presión turística"
RINCON DE SANTA INES,0,0,3,3398296.24,3,1.0,100.0,100.0,0.0,0.0,1.3862943611198906,100.0,3,6-2,"Residencial ordinario, sin presión turística"
RINCON DEL CHICO,4,1,197,7163316.8084482765,202,120.0,63.6,97.5,2.0,0.5,5.288267030694535,98.98477157360406,0,2-8,Foco turístico emergente
RIONEGRO,0,1,5,3398296.24,6,3.0,50.0,83.3,0.0,16.7,1.791759469228055,100.0,5,2-2,"Residencial ordinario, sin presión turística"
SABANA DEL DORADO,0,0,3,3398296.24,3,2.0,33.3,100.0,0.0,0.0,1.3862943611198906,100.0,3,5-3,"Residencial ordinario, sin presión turística"
SABANA GRANDE,0,0,4,1858330.39,4,4.0,0.0,100.0,0.0,0.0,1.6094379124341003,100.0,3,6-0,"Residencial ordinario, sin presión turística"
SAGRADO CORAZON,0,0,40,4145609.5652777776,40,36.0,10.8,100.0,0.0,0.0,3.713572066704308,100.0,0,2-5,Foco turístico emergente
SALAZAR GOMEZ,2,0,3,3398296.24,5,2.0,33.3,60.0,40.0,0.0,1.3862943611198906,100.0,1,7-6,"Residencial ordinario, sin presión turística"
SALITRE OCCIDENTAL,1,9,20,4372363.447272727,30,16.0,23.5,66.7,3.3,30.0,3.044522437723423,75.0,5,1-2,"Residencial ordinario, sin presión turística"
SALITRE SUBA,0,0,3,2509795.68,3,3.0,0.0,100.0,0.0,0.0,1.3862943611198906,100.0,3,5-1,"Residencial ordinario, sin presión turística"
SAMPER,2,0,30,3370215.1066666665,32,28.0,6.9,93.8,6.2,0.0,3.4339872044851463,0.0,0,3-4,Foco turístico emergente
SAMPER MENDOZA,0,0,5,2504960.53,5,0.0,500.0,100.0,0.0,0.0,1.791759469228055,100.0,3,8-3,"Residencial ordinario, sin presión turística"
SAN ANTONIO ENGATIVA,0,0,7,1792069.165,7,3.0,100.0,100.0,0.0,0.0,2.0794415416798357,100.0,3,8-0,"Residencial ordinario, sin presión turística"
SAN ANTONIO NOROCCIDENTAL,0,1,4,2903244.0700000003,5,3.0,25.0,80.0,0.0,20.0,1.6094379124341003,100.0,5,3-1,"Residencial ordinario, sin presión turística"
SAN ANTONIO URBANO,0,0,7,1528349.095,7,6.0,14.3,100.0,0.0,0.0,2.0794415416798357,100.0,3,6-0,"Residencial ordinario, sin presión turística"
SAN BERNARDO,4,0,5,3398296.24,9,5.0,0.0,55.6,44.4,0.0,1.791759469228055,0.0,1,7-6,"Residencial ordinario, sin presión turística"
SAN DIEGO,5,1,10,4277842.0385714285,16,5.0,83.3,62.5,31.2,6.2,2.3978952727983707,30.000000000000004,0,5-7,Foco turístico emergente
SAN FELIPE,3,0,15,3799945.966666667,18,5.0,166.7,83.3,16.7,0.0,2.772588722239781,0.0,0,2-4,Foco turístico emergente
SAN FERNANDO,0,0,3,3398296.24,3,1.0,100.0,100.0,0.0,0.0,1.3862943611198906,100.0,3,6-2,"Residencial ordinario, sin presión turística"
SAN FERNANDO OCCIDENTAL,0,0,5,2875733.19,5,1.0,200.0,100.0,0.0,0.0,1.791759469228055,100.0,3,8-1,"Residencial ordinario, sin presión turística"
SAN FRANCISCO,0,1,3,3398296.24,4,1.0,100.0,75.0,0.0,25.0,1.3862943611198906,100.0,5,2-1,"Residencial ordinario, sin presión turística"
SAN GABRIEL,0,0,3,3398296.24,3,0.0,300.0,100.0,0.0,0.0,1.3862943611198906,100.0,3,7-2,"Residencial ordinario, sin presión turística"
SAN GABRIEL NORTE,0,1,4,3528383.84,5,3.0,25.0,80.0,0.0,20.0,1.6094379124341003,100.0,5,2-2,"Residencial ordinario, sin presión turística"
SAN IGNACIO,0,1,15,2670830.34625,16,11.0,33.3,93.8,0.0,6.2,2.772588722239781,100.0,0,3-3,Foco turístico emergente
SAN ISIDRO RURAL II,0,0,5,3398296.24,5,2.0,100.0,100.0,0.0,0.0,1.791759469228055,100.0,3,6-3,"Residencial ordinario, sin presión turística"
SAN JOAQUIN,0,1,3,2990876.19,4,5.0,-33.3,75.0,0.0,25.0,1.3862943611198906,100.0,5,2-1,"Residencial ordinario, sin presión turística"
SAN JOSE DE FONTIBON,10,0,14,2738702.59,24,11.0,25.0,58.3,41.7,0.0,2.70805020110221,100.0,1,8-6,"Residencial ordinario, sin presión turística"
SAN JOSE DEL PRADO,0,0,8,3088954.8425000003,8,10.0,-18.2,100.0,0.0,0.0,2.1972245773362196,100.0,3,4-3,"Residencial ordinario, sin presión turística"
SAN LUIS,3,0,38,5220023.812903225,41,30.0,25.8,92.7,7.3,0.0,3.6635616461296463,100.0,0,3-7,Foco turístico emergente
SAN MARTIN,0,1,179,3081556.682301587,180,164.0,9.1,99.4,0.0,0.6,5.19295685089021,0.0,0,0-5,Foco turístico emergente
SAN MIGUEL,0,0,7,2964403.8975,7,4.0,60.0,100.0,0.0,0.0,2.0794415416798357,100.0,3,4-2,"Residencial ordinario, sin presión turística"
SAN PABLO BOSA,3,1,0,1540912.59,4,0.0,0.0,0.0,75.0,25.0,0.0,,1,8-8,"Residencial ordinario, sin presión turística"
SAN PABLO JERICO,0,0,6,2696948.8,6,1.0,250.0,100.0,0.0,0.0,1.9459101490553132,100.0,3,8-1,"Residencial ordinario, sin presión turística"
SAN PATRICIO,11,1,81,5187377.827105263,93,76.0,6.5,87.1,11.8,1.1,4.406719247264253,98.76543209876543,0,2-7,Foco turístico emergente
SAN PEDRO DE LOS ROBLES,2,0,1,1806209.15,3,0.0,100.0,33.3,66.7,0.0,0.6931471805599453,100.0,1,8-8,"Residencial ordinario, sin presión turística"
SAN VICTORINO,1,0,18,2191866.563333333,19,2.0,533.3,94.7,5.3,0.0,2.9444389791664403,100.0,3,8-3,"Residencial ordinario, sin presión turística"
SANTA ANA OCCIDENTAL,4,5,7,4609593.015714286,16,3.0,100.0,43.8,25.0,31.2,2.0794415416798357,100.0,5,0-2,"Residencial ordinario, sin presión turística"
SANTA BARBARA,0,0,55,1783585.12875,55,21.0,154.5,100.0,0.0,0.0,4.02535169073515,1.8181818181818188,0,0-4,Foco turístico emergente
SANTA BARBARA CENTRAL,5,2,82,4606192.174318182,89,51.0,59.6,92.1,5.6,2.2,4.418840607796598,93.90243902439023,0,1-6,Foco turístico emergente
SANTA BARBARA OCCIDENTAL,4,1,121,5458638.175,126,57.0,110.3,96.0,3.2,0.8,4.804021044733257,21.487603305785118,0,1-6,Foco turístico emergente
SANTA BARBARA ORIENTAL,7,4,156,6579014.095444445,167,41.0,273.8,93.4,4.2,2.4,5.056245805348308,0.0,0,2-8,Foco turístico emergente
SANTA BIBIANA,8,3,85,4445615.725479452,96,56.0,50.9,88.5,8.3,3.1,4.454347296253507,24.705882352941178,0,1-5,Foco turístico emergente
SANTA CECILIA,12,0,34,3346344.73,46,19.0,75.0,73.9,26.1,0.0,3.5553480614894135,100.0,0,2-4,Foco turístico emergente
SANTA FE,13,0,14,2032409.4323076925,27,7.0,87.5,51.9,48.1,0.0,2.70805020110221,100.0,1,8-6,"Residencial ordinario, sin presión turística"
SANTA HELENITA,0,0,14,3298777.4425,14,4.0,200.0,100.0,0.0,0.0,2.70805020110221,100.0,3,7-3,"Residencial ordinario, sin presión turística"
SANTA ISABEL SUR,0,0,4,2854161.6233333335,4,6.0,-28.6,100.0,0.0,0.0,1.6094379124341003,100.0,3,5-2,"Residencial ordinario, sin presión turística"
SANTA LUCIA,4,0,0,3543451.495,4,0.0,0.0,0.0,100.0,0.0,0.0,,1,7-8,"Residencial ordinario, sin presión turística"
SANTA MARIA,0,0,4,3398296.24,4,4.0,0.0,100.0,0.0,0.0,1.6094379124341003,100.0,3,5-3,"Residencial ordinario, sin presión turística"
SANTA MATILDE,1,0,2,3398296.24,3,1.0,50.0,66.7,33.3,0.0,1.0986122886681098,100.0,1,7-6,"Residencial ordinario, sin presión turística"
SANTA ROSA,1,2,8,3634285.918,11,9.0,-10.0,72.7,9.1,18.2,2.1972245773362196,100.0,5,2-2,"Residencial ordinario, sin presión turística"
SANTA SOFIA,0,0,4,3398296.24,4,8.0,-44.4,100.0,0.0,0.0,1.6094379124341003,0.0,3,5-3,"Residencial ordinario, sin presión turística"
SANTA TERESA,0,0,9,3383407.92,9,6.0,42.9,100.0,0.0,0.0,2.302585092994046,100.0,3,4-4,"Residencial ordinario, sin presión turística"
SANTA TERESITA,3,0,6,4479904.5375,9,7.0,-12.5,66.7,33.3,0.0,1.9459101490553132,100.0,0,5-7,Foco turístico emergente
SIETE DE AGOSTO,3,0,2,3971086.34,5,0.0,200.0,40.0,60.0,0.0,1.0986122886681098,100.0,1,6-8,"Residencial ordinario, sin presión turística"
SIMON BOLIVAR,0,0,4,2890611.77,4,2.0,66.7,100.0,0.0,0.0,1.6094379124341003,100.0,3,6-1,"Residencial ordinario, sin presión turística"
SOCIEGO,0,0,6,3099539.27,6,2.0,133.3,100.0,0.0,0.0,1.9459101490553132,100.0,3,6-3,"Residencial ordinario, sin presión turística"
SUBA URBANO,0,0,3,2222912.42,3,2.0,33.3,100.0,0.0,0.0,1.3862943611198906,100.0,3,5-1,"Residencial ordinario, sin presión turística"
SUCRE,3,0,19,5343871.761578947,22,14.0,33.3,86.4,13.6,0.0,2.995732273553991,15.789473684210531,0,3-7,Foco turístico emergente
TERMINAL DE TRANSPORTES,1,0,3,3151320.346666666,4,2.0,33.3,75.0,25.0,0.0,1.3862943611198906,0.0,1,6-5,"Residencial ordinario, sin presión turística"
TEUSAQUILLO,9,0,14,4800463.566,23,10.0,36.4,60.9,39.1,0.0,2.70805020110221,57.14285714285714,0,5-7,Foco turístico emergente
TIBABITA,0,0,3,3398296.24,3,3.0,0.0,100.0,0.0,0.0,1.3862943611198906,100.0,3,5-3,"Residencial ordinario, sin presión turística"
TIBABUYES,1,0,3,2396099.82,4,5.0,-33.3,75.0,25.0,0.0,1.3862943611198906,100.0,1,6-5,"Residencial ordinario, sin presión turística"
TINTALA,0,1,7,2503730.7816666667,8,13.0,-42.9,87.5,0.0,12.5,2.0794415416798357,100.0,5,4-0,"Residencial ordinario, sin presión turística"
TUNA ALTA,1,0,4,3398296.24,5,1.0,150.0,80.0,20.0,0.0,1.6094379124341003,100.0,1,7-5,"Residencial ordinario, sin presión turística"
TUNA BAJA,0,0,4,2864513.19,4,1.0,150.0,100.0,0.0,0.0,1.6094379124341003,100.0,3,7-1,"Residencial ordinario, sin presión turística"
USAQUEN,7,1,10,5339032.3075,18,12.0,-15.4,55.6,38.9,5.6,2.3978952727983707,70.0,0,5-7,Foco turístico emergente
VERACRUZ,20,0,362,4089304.4448657716,382,179.0,101.7,94.8,5.2,0.0,5.8944028342648505,0.0,0,0-6,Foco turístico emergente
VERBENAL SAN ANTONIO,0,0,3,3398296.24,3,0.0,300.0,100.0,0.0,0.0,1.3862943611198906,100.0,3,7-2,"Residencial ordinario, sin presión turística"
VERSALLES FONTIBON,1,0,8,2006519.085,9,2.0,200.0,88.9,11.1,0.0,2.1972245773362196,100.0,1,8-0,"Residencial ordinario, sin presión turística"
VICTORIA NORTE,0,0,8,3392188.561666667,8,8.0,0.0,100.0,0.0,0.0,2.1972245773362196,100.0,3,4-4,"Residencial ordinario, sin presión turística"
VILLA ALSACIA,0,3,11,4077996.88,14,9.0,20.0,78.6,0.0,21.4,2.4849066497880004,100.0,5,1-2,"Residencial ordinario, sin presión turística"
VILLA AMALIA,0,0,3,1877623.25,3,1.0,100.0,100.0,0.0,0.0,1.3862943611198906,100.0,3,7-0,"Residencial ordinario, sin presión turística"
VILLA DEL PRADO,0,0,5,3398296.24,5,4.0,20.0,100.0,0.0,0.0,1.791759469228055,100.0,3,5-4,"Residencial ordinario, sin presión turística"
VILLA DEL RIO,0,0,3,3535905.04,3,1.0,100.0,100.0,0.0,0.0,1.3862943611198906,100.0,3,6-2,"Residencial ordinario, sin presión turística"
VILLA LUZ,1,1,12,2555442.60125,14,9.0,30.0,85.7,7.1,7.1,2.5649493574615367,100.0,0,3-3,Foco turístico emergente
VILLA MARIA I,0,0,3,2515592.07,3,2.0,33.3,100.0,0.0,0.0,1.3862943611198906,100.0,3,5-1,"Residencial ordinario, sin presión turística"
VILLAS DE GRANADA I,0,1,4,3398296.24,5,2.0,66.7,80.0,0.0,20.0,1.6094379124341003,100.0,5,2-2,"Residencial ordinario, sin presión turística"
VILLEMAR,6,0,10,3022984.3272727276,16,7.0,37.5,62.5,37.5,0.0,2.3978952727983707,100.0,1,8-6,"Residencial ordinario, sin presión turística"
VISION DE ORIENTE,10,0,0,3398296.24,10,0.0,0.0,0.0,100.0,0.0,0.0,,1,7-8,"Residencial ordinario, sin presión turística"
